{
  "name": "bootstrap-select",
  "main": [
    "less/bootstrap-select.less",
    "dist/css/bootstrap-select.css",
    "dist/js/bootstrap-select.js"
  ],
  "homepage": "http://silviomoreto.github.io/bootstrap-select",
  "authors": [
    "silviomoreto"
  ],
  "keywords": [
    "form",
    "bootstrap",
    "select",
    "replacement"
  ],
  "dependencies": {
    "jquery": ">=1.8"
  },
  "license": "MIT",
  "ignore": [
    ".gitignore",
    "CONTRIBUTING.md",
    "Gruntfile.js",
    "README.md",
    "composer.json",
    "package.json",
    "test.html",
    "docs"
  ],
  "version": "1.12.4",
  "_release": "1.12.4",
  "_resolution": {
    "type": "version",
    "tag": "v1.12.4",
    "commit": "e1a7743e82eb16bce825ec58a8c95b2aceae6942"
  },
  "_source": "https://github.com/snapappointments/bootstrap-select.git",
  "_target": "~1.12.4",
  "_originalSource": "bootstrap-select"
}